Noise Level,Accuracy,AUC
8,0.88,0.9861111111111112
16,0.92,0.9930555555555555
32,0.72,0.7777777777777778
64,0.72,0.7847222222222221
128,0.52,0.45833333333333337
