Noise Level,Accuracy,AUC
8,0.92,0.8958333333333334
16,0.76,0.7847222222222222
32,0.68,0.4722222222222222
64,0.72,0.6805555555555556
128,0.4,0.32986111111111116
