Noise Level,Accuracy,AUC
8,0.68,0.7986111111111112
16,0.72,0.7986111111111112
32,0.64,0.625
64,0.64,0.5763888888888888
128,0.64,0.4027777777777778
