Noise Level,Accuracy,AUC
8,0.88,0.8402777777777779
16,0.6,0.6458333333333335
32,0.64,0.5277777777777778
64,0.64,0.625
128,0.64,0.3680555555555556
