Noise Level,Accuracy,AUC
8,0.92,0.9722222222222222
16,0.6,0.7708333333333334
32,0.52,0.6145833333333334
64,0.64,0.6875
128,0.4,0.3472222222222222
