Recall,Precision
1.0,0.64
1.0,0.6666666666666666
1.0,0.7272727272727273
1.0,0.7619047619047619
1.0,0.8
0.9375,0.7894736842105263
0.875,0.7777777777777778
0.8125,0.7647058823529411
0.75,0.75
0.75,0.8
0.6875,0.7857142857142857
0.625,0.7692307692307693
0.5625,0.75
0.5,0.7272727272727273
0.4375,0.7
0.4375,0.7777777777777778
0.375,0.75
0.3125,0.7142857142857143
0.25,0.6666666666666666
0.1875,0.6
0.1875,0.75
0.125,0.6666666666666666
0.125,1.0
0.0625,1.0
0.0,1.0
