Noise Level,Accuracy,AUC
8,0.88,0.8784722222222222
16,0.8,0.6527777777777778
32,0.72,0.59375
64,0.76,0.7118055555555556
128,0.48,0.3229166666666667
